
INSERT INTO Artists (Artist_ID, artist_name) VALUES
(101, 'The Weeknd'),
(202, 'Tones And I'),
(303, 'Roddy Ricch'),
(404, 'SAINt JHN'),
(505, 'Dua Lipa'),
(606, 'DaBaby'),
(707, 'Harry Styles'),
(808, 'Powfu'),
(909, 'Trevor Daniel'),
(1010, 'Lewis Capaldi'),
(1111, 'KAROL G'),
(1212, 'Arizona Zervas'),
(1313, 'Post Malone'),
(1414, 'Lil Mosey'),
(1515, 'Justin Bieber'),
(1616, 'Drake'),
(1717, 'Lewis Capaldi'),
(1818, 'Doja Cat'),
(1919, 'Maroon 5'),
(2020, 'Future'),
(2121, 'Jawsh 685'),
(2222, 'Harry Styles'),
(2323, 'Topic'),
(2424, '24kGoldn'),
(2525, 'Billie Eilish'),
(2626, 'Shawn Mendes'),
(2828, 'Cardi B'),
(2929, 'Surfaces'),
(3030, 'Eminem'),
(3131, 'Justin Bieber'),
(3333, 'BTS'),
(3434, 'BENEE'),
(3535, 'Surf Mesa'),
(3636, 'Lady Gaga'),
(3737, 'Travis Scott'),
(3838, 'Post Malone'),
(3939, 'Maluma'),
(4040, 'Regard'),
(4141, 'Travis Scott'),
(4242, 'Black Eyed Peas'),
(4343, 'THE SCOTTS'),
(4444, 'Bad Bunny'),
(4646, 'Juice WRLD'),
(4747, 'Ariana Grande'),
(4848, 'JP Saxe'),
(5050, 'Travis Scott');


INSERT INTO Genre (GenreID, genre_name) VALUES
(102, 'Soul'),
(103, 'Alternative'),
(104, 'Indie'),
(105, 'Hip-Hop'),
(106, 'Rap'),
(107, 'Dance'),
(108, 'Electronic'),
(109, 'Nu-disco'),
(110, 'Pop'),
(111, 'Electro-pop'),
(112, 'Dance-pop'),
(113, 'Disco-pop'),
(114, 'Disco'),
(115, 'Trap'),
(116, 'Dreampop'),
(117, 'Reggaeton'),
(118, 'Chamber'),
(119, 'R&B');


INSERT INTO Songs (Song_ID, Artist_ID, song_name, album, energy, duration_ms) VALUES
('R1B01', 101, 'Blinding Lights', 'After Hours', 0.730, 200040),
('R1B02', 202, 'Dance Monkey', 'Dance Monkey', 0.593, 209755),
('R1B03', 303, 'The Box', 'Please Excuse Me For Being Antisocial', 0.586, 196653),
('R1B04', 404, 'Roses (Imanbek Remix)', 'Roses', 0.721, 176219),
('R1B05', 505, 'Dont Start Now', 'Future Nostalgia', 0.793, 183290),
('R1B06', 606, 'ROCKSTAR ', 'BLAME IT ON BABY', 0.690, 181733),
('R1B07', 707, 'Watermelon Sugar', 'Fine Line', 0.816, 174000),
('R1B08', 808, 'death bed ', 'death bed (coffee for your head)', 0.431, 173333),
('R1B09', 909, 'Falling', 'Nicotine', 0.430, 159382),
('R1B10', 1010, 'Someone You Loved', 'Divinely Uninspired To A Hellish Extent', 0.405, 182161),
('R1B11', 1111, 'Tusa', 'Tusa', 0.715, 200960),
('R1B12', 1212, 'ROXANNE', 'ROXANNE', 0.601, 163636),
('R1B13', 1313, 'Circles', 'Hollywoods Bleeding', 0.762, 215280),
('R1B14', 1414, 'Blueberry Faygo', 'Certified Hitmaker', 0.554, 162547),
('R1B15', 1515, 'Intentions ', 'Changes', 0.546, 212867),
('R1B16', 1616, 'Toosie Slide', 'Dark Lane Demo Tapes', 0.490, 247059),
('R1B17', 1717, 'Before You Go', 'Divinely Uninspired To A Hellish Extent', 0.575, 215107),
('R1B18', 1818, 'Say So', 'Hot Pink', 0.673, 237893),
('R1B19', 1919, 'Memories', 'Memories', 0.320, 189486),
('R1B20', 2020, 'Life Is Good ', 'High Off Life', 0.574, 237918),
('R1B21', 2121, 'Savage Love ', 'Savage Love ', 0.481, 171375),
('R1B22', 2222, 'Adore You', 'Fine Line', 0.771, 207133),
('R1B23', 2323, 'Breaking Me', 'Breaking Me', 0.720, 166794),
('R1B24', 2424, 'Mood ', 'Mood ', 0.722, 140526),
('R1B25', 2525, 'everything i wanted', 'everything i wanted', 0.225, 245426),
('R1B26', 2626, 'Senorita', 'Shawn Mendes (Deluxe)', 0.548, 190800),
('R1B27', 2525, 'bad guy', 'WHEN WE ALL FALL ASLEEP, WHERE DO WE GO?', 0.425, 194088),
('R1B28', 2828, 'WAP ', 'WAP ', 0.454, 187541),
('R1B29', 2929, 'Sunday Best', 'Where the Light Is', 0.525, 158571),
('R1B30', 3030, 'Godzilla ', 'Music To Be Murdered By', 0.745, 210800),
('R1B31', 3131, 'Yummy', 'Changes', 0.506, 208520),
('R1B32', 505, 'Break My Heart', 'Future Nostalgia', 0.729, 221820),
('R1B33', 3333, 'Dynamite', 'Dynamite (DayTime Version)', 0.765, 199054),
('R1B34', 3434, 'Supalonely ', 'Hey u x', 0.631, 223488),
('R1B35', 3535, 'ily (i love you baby) (feat. Emilee)', 'ily (i love you baby) (feat. Emilee)', 0.774, 176547),
('R1B36', 3636, 'Rain On Me ', 'Chromatica', 0.855, 182200),
('R1B37', 3737, 'HIGHEST IN THE ROOM', 'Hollywoods Bleeding', 0.427, 175721),
('R1B38', 3838, 'Sunflower - Spider-Man', 'Hollywoods Bleeding', 0.522, 157560),
('R1B39', 3939, 'Hawai', 'PAPI JUANCHO', 0.727, 199112),
('R1B40', 4040, 'Ride It', 'Ride It', 0.751, 157606),
('R1B41', 4141, 'goosebumps', 'Birds In The Trap Sing McKnight', 0.728, 243837),
('R1B42', 4242, 'RITMO (Bad Boys For Life)', 'Translation', 0.704, 214935),
('R1B43', 4343, 'THE SCOTTS', 'THE SCOTTS', 0.537, 165978),
('R1B44', 4444, 'Safaera', 'YHLQMDLG', 0.829, 295177),
('R1B45', 2525, 'lovely ', 'lovely ', 0.296, 200186),
('R1B46', 4646, 'Lucid Dreams', 'Goodbye & Good Riddance', 0.566, 239836),
('R1B47', 4747, 'Stuck with U ', 'Stuck with U', 0.450, 228482),
('R1B48', 4848, 'If the World Was Ending ', 'If the World Was Ending ', 0.473, 208687),
('R1B49', 505, 'Physical', 'Future Nostalgia', 0.844, 193829),
('R1B50', 5050, 'SICKO MODE', 'ASTROWORLD', 0.730, 312820);



INSERT INTO Chart (Chart_song_ID, Song_ID, position) VALUES
('0VjIjW4GlUZAMYd2vXMi3b', 'R1B01', 1),
('1rgnBhdG2JDFTbYkYRZAku', 'R1B02', 2),
('0nbXyq5TXYPCO7pr3N8S4I', 'R1B03', 3),
('2Wo6QQD1KMDWeFkkjLqwx5', 'R1B04', 4),
('3PfIrDoz19wz7qK7tYeu62', 'R1B05', 5),
('7ytR5pFWmSjzHJIeQkgog4', 'R1B06', 6),
('6UelLqGlWMcVH1E5c4H7lY', 'R1B07', 7),
('7eJMfftS33KTjuF7lTsMCx', 'R1B08', 8),
('2rRJrJEo19S2J82BDsQ3F7', 'R1B09', 9),
('7qEHsqek33rTcFNT9PFqLf', 'R1B10', 10),
('7k4t7uLgtOxPwTpFmtJNTY', 'R1B11', 11),
('696DnlkuDOXcMAnKlTgXXK', 'R1B12', 12),
('21jGcNKet2qwijlDFuPiPb', 'R1B13', 13),
('22LAwLoDA5b4AaGSkg6bKW', 'R1B14', 14),
('4umIPjkehX1r7uhmGvXiSV', 'R1B15', 15),
('466cKvZn1j45IpxDdYZqdA', 'R1B16', 16),
('2gMXnyrvIjhVBUZwvLZDMP', 'R1B17', 17),
('3Dv1eDb0MEgF93GpLXlucZ', 'R1B18', 18),
('2b8fOow8UzyDFAE27YhOZM', 'R1B19', 19),
('1K5KBOgreBi5fkEHvg5ap3', 'R1B20', 20),
('1xQ6trAsedVPCdbtDAmk0c', 'R1B21', 21),
('3jjujdWJ72nww5eGnfs2E7', 'R1B22', 22),
('3H7ihDc1dqLriiWXwsc2po', 'R1B23', 23),
('3tjFYV6RSFtuktYl3ZtYcq', 'R1B24', 24),
('3ZCTVFBt2Brf31RLEnCkWJ', 'R1B25', 25),
('6v3KW9xbzN5yKLt9YKDYA2', 'R1B26', 26),
('2Fxmhks0bxGSBdJ92vM42m', 'R1B27', 27),
('4Oun2ylbjFKMPTiaSbbCih', 'R1B28', 28),
('1Cv1YLb4q0RzL6pybtaMLo', 'R1B29', 29),
('7FIWs0pqAYbP91WWM0vlTQ', 'R1B30', 30),
('16wAOAZ2OkqoIDN7TpChjR', 'R1B31', 31),
('017PF4Q3l4DBUiWoXk4OWT', 'R1B32', 32),
('0t1kP63rueHleOhQkYSXFY', 'R1B33', 33),
('3GZoWLVbmxcBys6g0DLFLf', 'R1B34', 34),
('62aP9fBQKYKxi7PDXwcUAS', 'R1B35', 35),
('7ju97lgwC2rKQ6wwsf9no9', 'R1B36', 36),
('3eekarcy7kvN4yt5ZFzltW', 'R1B37', 37),
('0RiRZpuVRbi7oqRdSMwhQY', 'R1B38', 38),
('1yoMvmasuxZfqHEipJhRbp', 'R1B39', 39),
('2tnVG71enUj33Ic2nFN6kZ', 'R1B40', 40),
('6gBFPUFcJLzWGx4lenP6h2', 'R1B41', 41),
('4NCsrTzgVfsDo8nWyP8PPc', 'R1B42', 42),
('39Yp9wwQiSRIDOvrVg7mbk', 'R1B43', 43),
('2DEZmgHKAvm41k4J3R2E9Y', 'R1B44', 44),
('0u2P5u6lvoDfwTYjAADbn4', 'R1B45', 45),
('285pBltuF7vW8TeWk8hdRR', 'R1B46', 46),
('4HBZA5flZLE435QTztThqH', 'R1B47', 47),
('2kJwzbxV2ppxnQoYw4GLBZ', 'R1B48', 48),
('3AzjcOeAmA57TIOr9zF1ZW', 'R1B49', 49),
('2xLMifQCjDGFmkHkpNLD9h', 'R1B50', 50);



INSERT INTO SongsGenre (Song_ID, GenreID) VALUES
('R1B01', 119),
('R1B01', 102),
('R1B02', 103),
('R1B03', 105),
('R1B03', 106),
('R1B04', 107),
('R1B05', 109),
('R1B06', 105),
('R1B07', 110),
('R1B02', 104),
('R1B05', 106),
('R1B04', 108),
('R1B08', 105),
('R1B08', 106),
('R1B09', 119),
('R1B09', 105),
('R1B09', 103),
('R1B10', 103),
('R1B10', 104),
('R1B11', 110),
('R1B12', 106),
('R1B12', 105),
('R1B13', 110),
('R1B13', 116),
('R1B14', 105),
('R1B14', 106),
('R1B15', 110),
('R1B16', 105),
('R1B16', 106),
('R1B17', 103),
('R1B17', 104),
('R1B18', 119),
('R1B18', 102),
('R1B19', 110),
('R1B20', 105),
('R1B20', 106),
('R1B21', 105),
('R1B21', 106),
('R1B22', 110),
('R1B23', 107),
('R1B23', 108),
('R1B24', 110),
('R1B24', 106),
('R1B25', 110),
('R1B26', 110),
('R1B27', 111),
('R1B28', 106),
('R1B28', 105),
('R1B29', 111),
('R1B30', 105),
('R1B30', 106),
('R1B31', 110),
('R1B32', 112),
('R1B32', 114),
('R1B33', 113),
('R1B34', 103),
('R1B34', 104),
('R1B35', 107),
('R1B35', 108),
('R1B36', 110),
('R1B37', 106),
('R1B37', 105),
('R1B38', 116),
('R1B38', 105),
('R1B38', 119),
('R1B39', 110),
('R1B40', 107),
('R1B40', 108),
('R1B41', 105),
('R1B41', 106),
('R1B42', 110),
('R1B43', 105),
('R1B43', 106),
('R1B44', 103),
('R1B44', 117),
('R1B45', 118),
('R1B45', 110),
('R1B46', 110),
('R1B47', 110),
('R1B48', 110),
('R1B49', 107),
('R1B49', 108),
('R1B50', 106),
('R1B50', 105);



